country,time_period,current_age
Afghanistan,2011,Total
Afghanistan,2012,Total
Afghanistan,2013,Total
Afghanistan,2014,Total
Afghanistan,2015,Total
Afghanistan,2016,Total
Afghanistan,2017,Total
Afghanistan,2018,Total
Afghanistan,2019,Total
Afghanistan,2020,Total
Afghanistan,2021,Total
Albania,2011,Total
Albania,2012,Total
Albania,2013,Total
Albania,2014,Total
Albania,2015,Total
Albania,2016,Total
Albania,2017,Total
Albania,2018,Total
Albania,2019,Total
Albania,2020,Total
Albania,2021,Total
Algeria,2010,Total
Algeria,2011,Total
Algeria,2012,Total
Algeria,2013,Total
Algeria,2014,Total
Algeria,2015,Total
Algeria,2016,Total
Algeria,2017,Total
Algeria,2018,Total
Algeria,2019,Total
Algeria,2020,Total
Algeria,2021,Total
Andorra,2000,Total
Andorra,2001,Total
Andorra,2002,Total
Andorra,2003,Total
Andorra,2004,Total
Andorra,2005,Total
Andorra,2006,Total
Andorra,2007,Total
Andorra,2008,Total
Andorra,2009,Total
Andorra,2010,Total
Andorra,2011,Total
Andorra,2012,Total
Andorra,2013,Total
Andorra,2014,Total
Andorra,2015,Total
Andorra,2016,Total
Andorra,2017,Total
Andorra,2018,Total
Andorra,2019,Total
Andorra,2020,Total
Andorra,2021,Total
Anguilla,2000,Total
Anguilla,2001,Total
Anguilla,2002,Total
Anguilla,2003,Total
Anguilla,2004,Total
Anguilla,2005,Total
Anguilla,2006,Total
Anguilla,2007,Total
Anguilla,2008,Total
Anguilla,2009,Total
Anguilla,2010,Total
Anguilla,2011,Total
Anguilla,2012,Total
Anguilla,2013,Total
Anguilla,2014,Total
Anguilla,2015,Total
Anguilla,2016,Total
Anguilla,2017,Total
Anguilla,2018,Total
Anguilla,2019,Total
Anguilla,2020,Total
Anguilla,2021,Total
Antigua and Barbuda,2000,Total
Antigua and Barbuda,2001,Total
Antigua and Barbuda,2002,Total
Antigua and Barbuda,2003,Total
Antigua and Barbuda,2004,Total
Antigua and Barbuda,2005,Total
Antigua and Barbuda,2006,Total
Antigua and Barbuda,2007,Total
Antigua and Barbuda,2008,Total
Antigua and Barbuda,2009,Total
Antigua and Barbuda,2010,Total
Antigua and Barbuda,2011,Total
Antigua and Barbuda,2012,Total
Antigua and Barbuda,2013,Total
Antigua and Barbuda,2014,Total
Antigua and Barbuda,2015,Total
Antigua and Barbuda,2016,Total
Antigua and Barbuda,2017,Total
Antigua and Barbuda,2018,Total
Antigua and Barbuda,2019,Total
Antigua and Barbuda,2020,Total
Antigua and Barbuda,2021,Total
Armenia,2013,Total
Armenia,2014,Total
Armenia,2015,Total
Armenia,2016,Total
Armenia,2017,Total
Armenia,2018,Total
Armenia,2019,Total
Armenia,2020,Total
Armenia,2021,Total
Australia,2000,Total
Australia,2001,Total
Australia,2002,Total
Australia,2003,Total
Australia,2004,Total
Australia,2005,Total
Australia,2006,Total
Australia,2007,Total
Australia,2008,Total
Australia,2009,Total
Australia,2010,Total
Australia,2011,Total
Australia,2012,Total
Australia,2013,Total
Australia,2014,Total
Australia,2015,Total
Australia,2016,Total
Australia,2017,Total
Australia,2018,Total
Australia,2019,Total
Australia,2020,Total
Australia,2021,Total
Azerbaijan,2000,Total
Azerbaijan,2001,Total
Azerbaijan,2002,Total
Azerbaijan,2003,Total
Azerbaijan,2004,Total
Azerbaijan,2005,Total
Azerbaijan,2006,Total
Azerbaijan,2007,Total
Azerbaijan,2008,Total
Azerbaijan,2009,Total
Azerbaijan,2010,Total
Azerbaijan,2011,Total
Azerbaijan,2012,Total
Azerbaijan,2013,Total
Azerbaijan,2014,Total
Azerbaijan,2015,Total
Azerbaijan,2016,Total
Azerbaijan,2017,Total
Azerbaijan,2018,Total
Azerbaijan,2019,Total
Azerbaijan,2020,Total
Azerbaijan,2021,Total
Bahrain,2000,Total
Bahrain,2001,Total
Bahrain,2002,Total
Bahrain,2003,Total
Bahrain,2004,Total
Bahrain,2005,Total
Bahrain,2006,Total
Bahrain,2007,Total
Bahrain,2008,Total
Bahrain,2009,Total
Bahrain,2010,Total
Bahrain,2011,Total
Bahrain,2012,Total
Bahrain,2013,Total
Bahrain,2014,Total
Bahrain,2015,Total
Bahrain,2016,Total
Bahrain,2017,Total
Bahrain,2018,Total
Bahrain,2019,Total
Bahrain,2020,Total
Bahrain,2021,Total
Bangladesh,2005,Total
Bangladesh,2006,Total
Bangladesh,2007,Total
Bangladesh,2008,Total
Bangladesh,2009,Total
Bangladesh,2010,Total
Bangladesh,2011,Total
Bangladesh,2012,Total
Bangladesh,2013,Total
Bangladesh,2014,Total
Bangladesh,2015,Total
Bangladesh,2016,Total
Bangladesh,2017,Total
Bangladesh,2018,Total
Bangladesh,2019,Total
Bangladesh,2020,Total
Bangladesh,2021,Total
Barbados,2000,Total
Barbados,2001,Total
Barbados,2002,Total
Barbados,2003,Total
Barbados,2004,Total
Barbados,2005,Total
Barbados,2006,Total
Barbados,2007,Total
Barbados,2008,Total
Barbados,2009,Total
Barbados,2010,Total
Barbados,2011,Total
Barbados,2012,Total
Barbados,2013,Total
Barbados,2014,Total
Barbados,2015,Total
Barbados,2016,Total
Barbados,2017,Total
Barbados,2018,Total
Barbados,2019,Total
Barbados,2020,Total
Barbados,2021,Total
Belarus,2000,Total
Belarus,2001,Total
Belarus,2002,Total
Belarus,2003,Total
Belarus,2004,Total
Belarus,2005,Total
Belarus,2006,Total
Belarus,2007,Total
Belarus,2008,Total
Belarus,2009,Total
Belarus,2010,Total
Belarus,2011,Total
Belarus,2012,Total
Belarus,2013,Total
Belarus,2014,Total
Belarus,2015,Total
Belarus,2016,Total
Belarus,2017,Total
Belarus,2018,Total
Belarus,2019,Total
Belarus,2020,Total
Belarus,2021,Total
Belgium,2000,Total
Belgium,2001,Total
Belgium,2002,Total
Belgium,2003,Total
Belgium,2004,Total
Belgium,2005,Total
Belgium,2006,Total
Belgium,2007,Total
Belgium,2008,Total
Belgium,2009,Total
Belgium,2010,Total
Belgium,2011,Total
Belgium,2012,Total
Belgium,2013,Total
Belgium,2014,Total
Belgium,2015,Total
Belgium,2016,Total
Belgium,2017,Total
Belgium,2018,Total
Belgium,2019,Total
Belgium,2020,Total
Belgium,2021,Total
Belize,2005,Total
Belize,2006,Total
Belize,2007,Total
Belize,2008,Total
Belize,2009,Total
Belize,2010,Total
Belize,2011,Total
Belize,2012,Total
Belize,2013,Total
Benin,2010,Total
Benin,2011,Total
Benin,2012,Total
Benin,2013,Total
Benin,2014,Total
Benin,2015,Total
Benin,2016,Total
Benin,2017,Total
Benin,2018,Total
Benin,2019,Total
Benin,2020,Total
Benin,2021,Total
Bhutan,2002,Total
Bhutan,2003,Total
Bhutan,2004,Total
Bhutan,2005,Total
Bhutan,2006,Total
Bhutan,2007,Total
Bhutan,2008,Total
Bhutan,2009,Total
Bhutan,2010,Total
Bhutan,2011,Total
Bhutan,2012,Total
Bhutan,2013,Total
Bhutan,2014,Total
Bhutan,2015,Total
Bhutan,2016,Total
Bhutan,2017,Total
Bhutan,2018,Total
Bhutan,2019,Total
Bhutan,2020,Total
Bhutan,2021,Total
"Virgin Islands, British",2010,Total
"Virgin Islands, British",2011,Total
"Virgin Islands, British",2012,Total
"Virgin Islands, British",2013,Total
"Virgin Islands, British",2014,Total
"Virgin Islands, British",2015,Total
"Virgin Islands, British",2016,Total
"Virgin Islands, British",2017,Total
"Virgin Islands, British",2018,Total
"Virgin Islands, British",2019,Total
"Virgin Islands, British",2020,Total
"Virgin Islands, British",2021,Total
Burkina Faso,2010,Total
Burkina Faso,2011,Total
Burkina Faso,2012,Total
Burkina Faso,2013,Total
Burkina Faso,2014,Total
Burkina Faso,2015,Total
Burkina Faso,2016,Total
Burkina Faso,2017,Total
Burkina Faso,2018,Total
Burkina Faso,2019,Total
Burkina Faso,2020,Total
Burkina Faso,2021,Total
Burundi,2009,Total
Burundi,2010,Total
Burundi,2011,Total
Burundi,2012,Total
Burundi,2013,Total
Burundi,2014,Total
Burundi,2015,Total
Burundi,2016,Total
Burundi,2017,Total
Burundi,2018,Total
Burundi,2019,Total
Burundi,2020,Total
Burundi,2021,Total
Cambodia,2014,Total
Cambodia,2015,Total
Cambodia,2016,Total
Cambodia,2017,Total
Cambodia,2018,Total
Cambodia,2019,Total
Cambodia,2020,Total
Cambodia,2021,Total
Cameroon,2010,Total
Cameroon,2011,Total
Cameroon,2012,Total
Cameroon,2013,Total
Cameroon,2014,Total
Cameroon,2015,Total
Cameroon,2016,Total
Cameroon,2017,Total
Cameroon,2018,Total
Cameroon,2019,Total
Cameroon,2020,Total
Cameroon,2021,Total
Cayman Islands,2000,Total
Cayman Islands,2001,Total
Cayman Islands,2002,Total
Cayman Islands,2003,Total
Cayman Islands,2004,Total
Cayman Islands,2005,Total
Cayman Islands,2006,Total
Cayman Islands,2007,Total
Cayman Islands,2008,Total
Cayman Islands,2009,Total
Cayman Islands,2010,Total
Cayman Islands,2011,Total
Cayman Islands,2012,Total
Cayman Islands,2013,Total
Cayman Islands,2014,Total
Cayman Islands,2015,Total
Cayman Islands,2016,Total
Cayman Islands,2017,Total
Cayman Islands,2018,Total
Cayman Islands,2019,Total
Cayman Islands,2020,Total
Cayman Islands,2021,Total
Central African Republic,2009,Total
Central African Republic,2010,Total
Central African Republic,2011,Total
Central African Republic,2012,Total
Central African Republic,2013,Total
Central African Republic,2014,Total
Central African Republic,2015,Total
Central African Republic,2016,Total
Central African Republic,2017,Total
Central African Republic,2018,Total
Central African Republic,2019,Total
Central African Republic,2020,Total
Central African Republic,2021,Total
Chad,2009,Total
Chad,2010,Total
Chad,2011,Total
Chad,2012,Total
Chad,2013,Total
Chad,2014,Total
Chad,2015,Total
Chad,2016,Total
Chad,2017,Total
Chad,2018,Total
Chad,2019,Total
Chad,2020,Total
Chad,2021,Total
Hong Kong,2000,Total
Hong Kong,2001,Total
Hong Kong,2002,Total
Hong Kong,2003,Total
Hong Kong,2004,Total
Hong Kong,2005,Total
Hong Kong,2006,Total
Hong Kong,2007,Total
Hong Kong,2008,Total
Hong Kong,2009,Total
Hong Kong,2010,Total
Hong Kong,2011,Total
Hong Kong,2012,Total
Hong Kong,2013,Total
Hong Kong,2014,Total
Hong Kong,2015,Total
Hong Kong,2016,Total
Hong Kong,2017,Total
Hong Kong,2018,Total
Hong Kong,2019,Total
Hong Kong,2020,Total
Hong Kong,2021,Total
Macao,2000,Total
Macao,2001,Total
Macao,2002,Total
Macao,2003,Total
Macao,2004,Total
Macao,2005,Total
Macao,2006,Total
Macao,2007,Total
Macao,2008,Total
Macao,2009,Total
Macao,2010,Total
Macao,2011,Total
Macao,2012,Total
Macao,2013,Total
Macao,2014,Total
Macao,2015,Total
Macao,2016,Total
Macao,2017,Total
Macao,2018,Total
Macao,2019,Total
Macao,2020,Total
Macao,2021,Total
Colombia,2008,Total
Colombia,2009,Total
Colombia,2010,Total
Colombia,2011,Total
Colombia,2012,Total
Colombia,2013,Total
Colombia,2014,Total
Colombia,2015,Total
Colombia,2016,Total
Congo,2015,Total
Congo,2016,Total
Congo,2017,Total
Congo,2018,Total
Congo,2019,Total
Congo,2020,Total
Congo,2021,Total
Cook Islands,2000,Total
Cook Islands,2001,Total
Cook Islands,2002,Total
Cook Islands,2003,Total
Cook Islands,2004,Total
Cook Islands,2005,Total
Cook Islands,2006,Total
Cook Islands,2007,Total
Cook Islands,2008,Total
Cook Islands,2009,Total
Cook Islands,2010,Total
Cook Islands,2011,Total
Cook Islands,2012,Total
Cook Islands,2013,Total
Cook Islands,2014,Total
Cook Islands,2015,Total
Cook Islands,2016,Total
Cook Islands,2017,Total
Cook Islands,2018,Total
Cook Islands,2019,Total
Cook Islands,2020,Total
Cook Islands,2021,Total
Costa Rica,2010,Total
Costa Rica,2011,Total
Costa Rica,2012,Total
Costa Rica,2013,Total
Costa Rica,2014,Total
Costa Rica,2015,Total
Costa Rica,2016,Total
Costa Rica,2017,Total
Costa Rica,2018,Total
Costa Rica,2019,Total
Costa Rica,2020,Total
Costa Rica,2021,Total
Croatia,2018,Total
Croatia,2019,Total
Croatia,2020,Total
Croatia,2021,Total
Cuba,2000,Total
Cuba,2001,Total
Cuba,2002,Total
Cuba,2003,Total
Cuba,2004,Total
Cuba,2005,Total
Cuba,2006,Total
Cuba,2007,Total
Cuba,2008,Total
Cuba,2009,Total
Cuba,2010,Total
Cuba,2011,Total
Cuba,2012,Total
Cuba,2013,Total
Cuba,2014,Total
Cuba,2015,Total
Cuba,2016,Total
Cuba,2017,Total
Cuba,2018,Total
Cuba,2019,Total
Cuba,2020,Total
Cuba,2021,Total
Denmark,2000,Total
Denmark,2001,Total
Denmark,2002,Total
Denmark,2003,Total
Denmark,2004,Total
Denmark,2005,Total
Denmark,2006,Total
Denmark,2007,Total
Denmark,2008,Total
Denmark,2009,Total
Denmark,2010,Total
Denmark,2011,Total
Denmark,2012,Total
Denmark,2013,Total
Denmark,2014,Total
Denmark,2015,Total
Denmark,2016,Total
Denmark,2017,Total
Denmark,2018,Total
Denmark,2019,Total
Denmark,2020,Total
Denmark,2021,Total
Dominica,2000,Total
Dominica,2001,Total
Dominica,2002,Total
Dominica,2003,Total
Dominica,2004,Total
Dominica,2005,Total
Dominica,2006,Total
Dominica,2007,Total
Dominica,2008,Total
Dominica,2009,Total
Dominica,2010,Total
Dominica,2011,Total
Dominica,2012,Total
Dominica,2013,Total
Dominica,2014,Total
Dominica,2015,Total
Dominica,2016,Total
Dominica,2017,Total
Dominica,2018,Total
Dominica,2019,Total
Dominica,2020,Total
Dominica,2021,Total
Ecuador,2010,Total
Ecuador,2011,Total
Ecuador,2012,Total
Ecuador,2013,Total
Ecuador,2014,Total
Ecuador,2015,Total
Ecuador,2016,Total
Ecuador,2017,Total
Ecuador,2018,Total
Ecuador,2019,Total
Ecuador,2020,Total
Ecuador,2021,Total
El Salvador,2001,Total
El Salvador,2002,Total
El Salvador,2003,Total
El Salvador,2004,Total
El Salvador,2005,Total
El Salvador,2006,Total
El Salvador,2007,Total
El Salvador,2008,Total
El Salvador,2009,Total
El Salvador,2010,Total
El Salvador,2011,Total
El Salvador,2012,Total
El Salvador,2013,Total
El Salvador,2014,Total
El Salvador,2015,Total
El Salvador,2016,Total
El Salvador,2017,Total
El Salvador,2018,Total
El Salvador,2019,Total
El Salvador,2020,Total
El Salvador,2021,Total
Estonia,2000,Total
Estonia,2001,Total
Estonia,2002,Total
Estonia,2003,Total
Estonia,2004,Total
Estonia,2005,Total
Estonia,2006,Total
Estonia,2007,Total
Estonia,2008,Total
Estonia,2009,Total
Estonia,2010,Total
Estonia,2011,Total
Estonia,2012,Total
Estonia,2013,Total
Estonia,2014,Total
Estonia,2015,Total
Estonia,2016,Total
Estonia,2017,Total
Estonia,2018,Total
Estonia,2019,Total
Estonia,2020,Total
Estonia,2021,Total
Ethiopia,2013,Total
Ethiopia,2014,Total
Ethiopia,2015,Total
Ethiopia,2016,Total
Ethiopia,2017,Total
Ethiopia,2018,Total
Ethiopia,2019,Total
Ethiopia,2020,Total
Ethiopia,2021,Total
Fiji,2011,Total
Fiji,2012,Total
Fiji,2013,Total
Fiji,2014,Total
Fiji,2015,Total
Fiji,2016,Total
Fiji,2017,Total
Fiji,2018,Total
Fiji,2019,Total
Fiji,2020,Total
Fiji,2021,Total
Finland,2000,Total
Finland,2001,Total
Finland,2002,Total
Finland,2003,Total
Finland,2004,Total
Finland,2005,Total
Finland,2006,Total
Finland,2007,Total
Finland,2008,Total
Finland,2009,Total
Finland,2010,Total
Finland,2011,Total
Finland,2012,Total
Finland,2013,Total
Finland,2014,Total
Finland,2015,Total
Finland,2016,Total
Finland,2017,Total
Finland,2018,Total
Finland,2019,Total
Finland,2020,Total
Finland,2021,Total
France,2000,Total
France,2001,Total
France,2002,Total
France,2003,Total
France,2004,Total
France,2005,Total
France,2006,Total
France,2007,Total
France,2008,Total
France,2009,Total
France,2010,Total
France,2011,Total
France,2012,Total
France,2013,Total
France,2014,Total
France,2015,Total
France,2016,Total
France,2017,Total
France,2018,Total
France,2019,Total
France,2020,Total
France,2021,Total
Gabon,2013,Total
Gabon,2014,Total
Gabon,2015,Total
Gabon,2016,Total
Gabon,2017,Total
Gabon,2018,Total
Gabon,2019,Total
Gabon,2020,Total
Gabon,2021,Total
Georgia,2009,Total
Georgia,2010,Total
Georgia,2011,Total
Georgia,2012,Total
Georgia,2013,Total
Georgia,2014,Total
Georgia,2015,Total
Georgia,2016,Total
Georgia,2017,Total
Germany,2000,Total
Germany,2001,Total
Germany,2002,Total
Germany,2003,Total
Germany,2004,Total
Germany,2005,Total
Germany,2006,Total
Germany,2007,Total
Germany,2008,Total
Germany,2009,Total
Germany,2010,Total
Germany,2011,Total
Germany,2012,Total
Germany,2013,Total
Germany,2014,Total
Germany,2015,Total
Germany,2016,Total
Germany,2017,Total
Germany,2018,Total
Germany,2019,Total
Germany,2020,Total
Germany,2021,Total
Ghana,2013,Total
Ghana,2014,Total
Ghana,2015,Total
Ghana,2016,Total
Ghana,2017,Total
Ghana,2018,Total
Ghana,2019,Total
Ghana,2020,Total
Ghana,2021,Total
Gibraltar,2000,Total
Gibraltar,2001,Total
Gibraltar,2002,Total
Gibraltar,2003,Total
Gibraltar,2004,Total
Gibraltar,2005,Total
Gibraltar,2006,Total
Gibraltar,2007,Total
Gibraltar,2008,Total
Gibraltar,2009,Total
Gibraltar,2010,Total
Gibraltar,2011,Total
Gibraltar,2012,Total
Gibraltar,2013,Total
Gibraltar,2014,Total
Gibraltar,2015,Total
Gibraltar,2016,Total
Gibraltar,2017,Total
Gibraltar,2018,Total
Gibraltar,2019,Total
Gibraltar,2020,Total
Gibraltar,2021,Total
Grenada,2010,Total
Grenada,2011,Total
Grenada,2012,Total
Grenada,2013,Total
Grenada,2014,Total
Grenada,2015,Total
Grenada,2016,Total
Grenada,2017,Total
Grenada,2018,Total
Grenada,2019,Total
Grenada,2020,Total
Grenada,2021,Total
Guinea-Bissau,2017,Total
Guinea-Bissau,2018,Total
Guinea-Bissau,2019,Total
Guinea-Bissau,2020,Total
Guinea-Bissau,2021,Total
Guyana,2006,Total
Guyana,2007,Total
Guyana,2008,Total
Guyana,2009,Total
Guyana,2010,Total
Guyana,2011,Total
Guyana,2012,Total
Guyana,2013,Total
Guyana,2014,Total
Honduras,2006,Total
Honduras,2007,Total
Honduras,2008,Total
Honduras,2009,Total
Honduras,2010,Total
Honduras,2011,Total
Honduras,2012,Total
Honduras,2013,Total
Honduras,2014,Total
Honduras,2015,Total
Honduras,2016,Total
Honduras,2017,Total
Honduras,2018,Total
Honduras,2019,Total
Honduras,2020,Total
Honduras,2021,Total
Hungary,2000,Total
Hungary,2001,Total
Hungary,2002,Total
Hungary,2003,Total
Hungary,2004,Total
Hungary,2005,Total
Hungary,2006,Total
Hungary,2007,Total
Hungary,2008,Total
Hungary,2009,Total
Hungary,2010,Total
Hungary,2011,Total
Hungary,2012,Total
Hungary,2013,Total
Hungary,2014,Total
Hungary,2015,Total
Hungary,2016,Total
Hungary,2017,Total
Hungary,2018,Total
Hungary,2019,Total
Hungary,2020,Total
Hungary,2021,Total
India,2011,Total
India,2012,Total
India,2013,Total
India,2014,Total
India,2015,Total
India,2016,Total
India,2017,Total
India,2018,Total
India,2019,Total
India,2020,Total
India,2021,Total
Indonesia,2011,Total
Indonesia,2012,Total
Indonesia,2013,Total
Indonesia,2014,Total
Indonesia,2015,Total
Indonesia,2016,Total
Indonesia,2017,Total
Indonesia,2018,Total
Indonesia,2019,Total
Indonesia,2020,Total
Indonesia,2021,Total
Iraq,2015,Total
Iraq,2016,Total
Iraq,2017,Total
Iraq,2018,Total
Iraq,2019,Total
Iraq,2020,Total
Iraq,2021,Total
Israel,2000,Total
Israel,2001,Total
Israel,2002,Total
Israel,2003,Total
Israel,2004,Total
Israel,2005,Total
Israel,2006,Total
Israel,2007,Total
Israel,2008,Total
Israel,2009,Total
Israel,2010,Total
Israel,2011,Total
Israel,2012,Total
Israel,2013,Total
Israel,2014,Total
Israel,2015,Total
Israel,2016,Total
Israel,2017,Total
Israel,2018,Total
Israel,2019,Total
Israel,2020,Total
Israel,2021,Total
Italy,2000,Total
Italy,2001,Total
Italy,2002,Total
Italy,2003,Total
Italy,2004,Total
Italy,2005,Total
Italy,2006,Total
Italy,2007,Total
Italy,2008,Total
Italy,2009,Total
Italy,2010,Total
Italy,2011,Total
Italy,2012,Total
Italy,2013,Total
Italy,2014,Total
Italy,2015,Total
Italy,2016,Total
Italy,2017,Total
Italy,2018,Total
Italy,2019,Total
Italy,2020,Total
Italy,2021,Total
Jamaica,2010,Total
Jamaica,2011,Total
Jamaica,2012,Total
Jamaica,2013,Total
Jamaica,2014,Total
Jamaica,2015,Total
Jamaica,2016,Total
Jamaica,2017,Total
Jamaica,2018,Total
Jamaica,2019,Total
Jamaica,2020,Total
Jamaica,2021,Total
Jordan,2009,Total
Jordan,2010,Total
Jordan,2011,Total
Jordan,2012,Total
Jordan,2013,Total
Jordan,2014,Total
Jordan,2015,Total
Jordan,2016,Total
Jordan,2017,Total
Jordan,2018,Total
Jordan,2019,Total
Jordan,2020,Total
Jordan,2021,Total
Kiribati,2016,Total
Kiribati,2017,Total
Kiribati,2018,Total
Kiribati,2019,Total
Kiribati,2020,Total
Kiribati,2021,Total
Kuwait,2000,Total
Kuwait,2001,Total
Kuwait,2002,Total
Kuwait,2003,Total
Kuwait,2004,Total
Kuwait,2005,Total
Kuwait,2006,Total
Kuwait,2007,Total
Kuwait,2008,Total
Kuwait,2009,Total
Kuwait,2010,Total
Kuwait,2011,Total
Kuwait,2012,Total
Kuwait,2013,Total
Kuwait,2014,Total
Kuwait,2015,Total
Kuwait,2016,Total
Kuwait,2017,Total
Kuwait,2018,Total
Kuwait,2019,Total
Kuwait,2020,Total
Kuwait,2021,Total
Lao People's Democratic Republic,2015,Total
Lao People's Democratic Republic,2016,Total
Lao People's Democratic Republic,2017,Total
Lao People's Democratic Republic,2018,Total
Lao People's Democratic Republic,2019,Total
Lao People's Democratic Republic,2020,Total
Lao People's Democratic Republic,2021,Total
Latvia,2000,Total
Latvia,2001,Total
Latvia,2002,Total
Latvia,2003,Total
Latvia,2004,Total
Latvia,2005,Total
Latvia,2006,Total
Latvia,2007,Total
Latvia,2008,Total
Latvia,2009,Total
Latvia,2010,Total
Latvia,2011,Total
Latvia,2012,Total
Latvia,2013,Total
Latvia,2014,Total
Latvia,2015,Total
Latvia,2016,Total
Latvia,2017,Total
Latvia,2018,Total
Latvia,2019,Total
Latvia,2020,Total
Latvia,2021,Total
Lebanon,2013,Total
Lebanon,2014,Total
Lebanon,2015,Total
Lebanon,2016,Total
Lebanon,2017,Total
Lebanon,2018,Total
Lebanon,2019,Total
Lebanon,2020,Total
Lebanon,2021,Total
Liberia,2008,Total
Liberia,2009,Total
Liberia,2010,Total
Liberia,2011,Total
Liberia,2012,Total
Liberia,2013,Total
Liberia,2014,Total
Liberia,2015,Total
Liberia,2016,Total
Liberia,2017,Total
Liberia,2018,Total
Liberia,2019,Total
Liberia,2020,Total
Liberia,2021,Total
Libyan Arab Jamahiriya,2013,Total
Libya,2013,Total
Libyan Arab Jamahiriya,2014,Total
Libya,2014,Total
Libyan Arab Jamahiriya,2015,Total
Libya,2015,Total
Libyan Arab Jamahiriya,2016,Total
Libya,2016,Total
Libyan Arab Jamahiriya,2017,Total
Libya,2017,Total
Libyan Arab Jamahiriya,2018,Total
Libya,2018,Total
Libyan Arab Jamahiriya,2019,Total
Libya,2019,Total
Libyan Arab Jamahiriya,2020,Total
Libya,2020,Total
Libyan Arab Jamahiriya,2021,Total
Libya,2021,Total
Madagascar,2015,Total
Madagascar,2016,Total
Madagascar,2017,Total
Madagascar,2018,Total
Madagascar,2019,Total
Madagascar,2020,Total
Madagascar,2021,Total
Malawi,2011,Total
Malawi,2012,Total
Malawi,2013,Total
Malawi,2014,Total
Malawi,2015,Total
Malawi,2016,Total
Malawi,2017,Total
Malawi,2018,Total
Malawi,2019,Total
Malawi,2020,Total
Malawi,2021,Total
Malaysia,2010,Total
Malaysia,2011,Total
Malaysia,2012,Total
Malaysia,2013,Total
Malaysia,2014,Total
Malaysia,2015,Total
Malaysia,2016,Total
Malaysia,2017,Total
Malaysia,2018,Total
Malaysia,2019,Total
Malaysia,2020,Total
Malaysia,2021,Total
Maldives,2000,Total
Maldives,2001,Total
Maldives,2002,Total
Maldives,2003,Total
Maldives,2004,Total
Maldives,2005,Total
Maldives,2006,Total
Maldives,2007,Total
Maldives,2008,Total
Maldives,2009,Total
Maldives,2010,Total
Maldives,2011,Total
Maldives,2012,Total
Maldives,2013,Total
Maldives,2014,Total
Maldives,2015,Total
Maldives,2016,Total
Maldives,2017,Total
Maldives,2018,Total
Maldives,2019,Total
Maldives,2020,Total
Maldives,2021,Total
Mali,2013,Total
Mali,2014,Total
Mali,2015,Total
Mali,2016,Total
Mali,2017,Total
Mali,2018,Total
Mali,2019,Total
Mali,2020,Total
Mali,2021,Total
Marshall Islands,2013,Total
Marshall Islands,2014,Total
Marshall Islands,2015,Total
Marshall Islands,2016,Total
Marshall Islands,2017,Total
Marshall Islands,2018,Total
Marshall Islands,2019,Total
Marshall Islands,2020,Total
Marshall Islands,2021,Total
Mauritania,2014,Total
Mauritania,2015,Total
Mauritania,2016,Total
Mauritania,2017,Total
Mauritania,2018,Total
Mauritania,2019,Total
Mauritania,2020,Total
Mauritania,2021,Total
Mauritius,2000,Total
Mauritius,2001,Total
Mauritius,2002,Total
Mauritius,2003,Total
Mauritius,2004,Total
Mauritius,2005,Total
Mauritius,2006,Total
Mauritius,2007,Total
Mauritius,2008,Total
Mauritius,2009,Total
Mauritius,2010,Total
Mauritius,2011,Total
Mauritius,2012,Total
Mauritius,2013,Total
Mauritius,2014,Total
Mauritius,2015,Total
Mauritius,2016,Total
Mauritius,2017,Total
Mauritius,2018,Total
Mauritius,2019,Total
Mauritius,2020,Total
Mauritius,2021,Total
Mexico,2010,Total
Mexico,2011,Total
Mexico,2012,Total
Mexico,2013,Total
Mexico,2014,Total
Mexico,2015,Total
Mexico,2016,Total
Mexico,2017,Total
Mexico,2018,Total
Monaco,2000,Total
Monaco,2001,Total
Monaco,2002,Total
Monaco,2003,Total
Monaco,2004,Total
Monaco,2005,Total
Monaco,2006,Total
Monaco,2007,Total
Monaco,2008,Total
Monaco,2009,Total
Monaco,2010,Total
Monaco,2011,Total
Monaco,2012,Total
Monaco,2013,Total
Monaco,2014,Total
Monaco,2015,Total
Monaco,2016,Total
Monaco,2017,Total
Monaco,2018,Total
Monaco,2019,Total
Monaco,2020,Total
Monaco,2021,Total
Mongolia,2013,Total
Mongolia,2014,Total
Mongolia,2015,Total
Mongolia,2016,Total
Mongolia,2017,Total
Mongolia,2018,Total
Mongolia,2019,Total
Mongolia,2020,Total
Mongolia,2021,Total
Montserrat,2000,Total
Montserrat,2001,Total
Montserrat,2002,Total
Montserrat,2003,Total
Montserrat,2004,Total
Montserrat,2005,Total
Montserrat,2006,Total
Montserrat,2007,Total
Montserrat,2008,Total
Montserrat,2009,Total
Montserrat,2010,Total
Montserrat,2011,Total
Montserrat,2012,Total
Montserrat,2013,Total
Montserrat,2014,Total
Montserrat,2015,Total
Montserrat,2016,Total
Montserrat,2017,Total
Montserrat,2018,Total
Montserrat,2019,Total
Montserrat,2020,Total
Montserrat,2021,Total
Morocco,2010,Total
Morocco,2011,Total
Morocco,2012,Total
Morocco,2013,Total
Morocco,2014,Total
Morocco,2015,Total
Morocco,2016,Total
Morocco,2017,Total
Morocco,2018,Total
Morocco,2019,Total
Morocco,2020,Total
Morocco,2021,Total
Myanmar,2010,Total
Burma,2010,Total
Myanmar,2011,Total
Burma,2011,Total
Myanmar,2012,Total
Burma,2012,Total
Myanmar,2013,Total
Burma,2013,Total
Myanmar,2014,Total
Burma,2014,Total
Myanmar,2015,Total
Burma,2015,Total
Myanmar,2016,Total
Burma,2016,Total
Myanmar,2017,Total
Burma,2017,Total
Myanmar,2018,Total
Burma,2018,Total
Myanmar,2019,Total
Burma,2019,Total
Myanmar,2020,Total
Burma,2020,Total
Myanmar,2021,Total
Burma,2021,Total
Namibia,2009,Total
Namibia,2010,Total
Namibia,2011,Total
Namibia,2012,Total
Namibia,2013,Total
Namibia,2014,Total
Namibia,2015,Total
Namibia,2016,Total
Namibia,2017,Total
Nauru,2000,Total
Nauru,2001,Total
Nauru,2002,Total
Nauru,2003,Total
Nauru,2004,Total
Nauru,2005,Total
Nauru,2006,Total
Nauru,2007,Total
Nauru,2008,Total
Nauru,2009,Total
Nauru,2010,Total
Nauru,2011,Total
Nauru,2012,Total
Nauru,2013,Total
Nauru,2014,Total
Nauru,2015,Total
Nauru,2016,Total
Nauru,2017,Total
Nauru,2018,Total
Nauru,2019,Total
Nauru,2020,Total
Nauru,2021,Total
Nepal,2013,Total
Nepal,2014,Total
Nepal,2015,Total
Nepal,2016,Total
Nepal,2017,Total
Nepal,2018,Total
Nepal,2019,Total
Nepal,2020,Total
Nepal,2021,Total
Netherlands,2000,Total
Netherlands,2001,Total
Netherlands,2002,Total
Netherlands,2003,Total
Netherlands,2004,Total
Netherlands,2005,Total
Netherlands,2006,Total
Netherlands,2007,Total
Netherlands,2008,Total
Netherlands,2009,Total
Netherlands,2010,Total
Netherlands,2011,Total
Netherlands,2012,Total
Netherlands,2013,Total
Netherlands,2014,Total
Netherlands,2015,Total
Netherlands,2016,Total
Netherlands,2017,Total
Netherlands,2018,Total
Netherlands,2019,Total
Netherlands,2020,Total
Netherlands,2021,Total
Nicaragua,2013,Total
Nicaragua,2014,Total
Nicaragua,2015,Total
Nicaragua,2016,Total
Nicaragua,2017,Total
Nicaragua,2018,Total
Nicaragua,2019,Total
Nicaragua,2020,Total
Nicaragua,2021,Total
Nigeria,2012,Total
Nigeria,2013,Total
Nigeria,2014,Total
Nigeria,2015,Total
Nigeria,2016,Total
Nigeria,2017,Total
Nigeria,2018,Total
Nigeria,2019,Total
Nigeria,2020,Total
Nigeria,2021,Total
Niue,2000,Total
Niue,2001,Total
Niue,2002,Total
Niue,2003,Total
Niue,2004,Total
Niue,2005,Total
Niue,2006,Total
Niue,2007,Total
Niue,2008,Total
Niue,2009,Total
Niue,2010,Total
Niue,2011,Total
Niue,2012,Total
Niue,2013,Total
Niue,2014,Total
Niue,2015,Total
Niue,2016,Total
Niue,2017,Total
Niue,2018,Total
Niue,2019,Total
Niue,2020,Total
Niue,2021,Total
Norway,2000,Total
Norway,2001,Total
Norway,2002,Total
Norway,2003,Total
Norway,2004,Total
Norway,2005,Total
Norway,2006,Total
Norway,2007,Total
Norway,2008,Total
Norway,2009,Total
Norway,2010,Total
Norway,2011,Total
Norway,2012,Total
Norway,2013,Total
Norway,2014,Total
Norway,2015,Total
Norway,2016,Total
Norway,2017,Total
Norway,2018,Total
Norway,2019,Total
Norway,2020,Total
Norway,2021,Total
Oman,2003,Total
Oman,2004,Total
Oman,2005,Total
Oman,2006,Total
Oman,2007,Total
Oman,2008,Total
Oman,2009,Total
Oman,2010,Total
Oman,2011,Total
Oman,2012,Total
Oman,2013,Total
Oman,2014,Total
Oman,2015,Total
Oman,2016,Total
Oman,2017,Total
Oman,2018,Total
Oman,2019,Total
Oman,2020,Total
Oman,2021,Total
Pakistan,2012,Total
Pakistan,2013,Total
Pakistan,2014,Total
Pakistan,2015,Total
Pakistan,2016,Total
Pakistan,2017,Total
Pakistan,2018,Total
Pakistan,2019,Total
Pakistan,2020,Total
Palau,2016,Total
Palau,2017,Total
Palau,2018,Total
Palau,2019,Total
Palau,2020,Total
Palau,2021,Total
Panama,2016,Total
Panama,2017,Total
Panama,2018,Total
Panama,2019,Total
Panama,2020,Total
Panama,2021,Total
Papua New Guinea,2011,Total
Papua New Guinea,2012,Total
Papua New Guinea,2013,Total
Papua New Guinea,2014,Total
Papua New Guinea,2015,Total
Papua New Guinea,2016,Total
Papua New Guinea,2017,Total
Papua New Guinea,2018,Total
Papua New Guinea,2019,Total
Papua New Guinea,2020,Total
Papua New Guinea,2021,Total
Paraguay,2002,Total
Paraguay,2003,Total
Paraguay,2004,Total
Paraguay,2005,Total
Paraguay,2006,Total
Paraguay,2007,Total
Paraguay,2008,Total
Paraguay,2009,Total
Paraguay,2010,Total
Paraguay,2011,Total
Paraguay,2012,Total
Paraguay,2013,Total
Paraguay,2014,Total
Paraguay,2015,Total
Paraguay,2016,Total
Paraguay,2017,Total
Paraguay,2018,Total
Paraguay,2019,Total
Paraguay,2020,Total
Paraguay,2021,Total
Peru,2004,Total
Peru,2005,Total
Peru,2006,Total
Peru,2007,Total
Peru,2008,Total
Peru,2009,Total
Peru,2010,Total
Peru,2011,Total
Peru,2012,Total
Peru,2013,Total
Peru,2014,Total
Peru,2015,Total
Peru,2016,Total
Peru,2017,Total
Peru,2018,Total
Peru,2019,Total
Peru,2020,Total
Peru,2021,Total
Philippines,2010,Total
Philippines,2011,Total
Philippines,2012,Total
Philippines,2013,Total
Philippines,2014,Total
Philippines,2015,Total
Philippines,2016,Total
Philippines,2017,Total
Philippines,2018,Total
Philippines,2019,Total
Philippines,2020,Total
Philippines,2021,Total
Poland,2000,Total
Poland,2001,Total
Poland,2002,Total
Poland,2003,Total
Poland,2004,Total
Poland,2005,Total
Poland,2006,Total
Poland,2007,Total
Poland,2008,Total
Poland,2009,Total
Poland,2010,Total
Poland,2011,Total
Poland,2012,Total
Poland,2013,Total
Poland,2014,Total
Poland,2015,Total
Poland,2016,Total
Poland,2017,Total
Poland,2018,Total
Poland,2019,Total
Poland,2020,Total
Poland,2021,Total
Portugal,2000,Total
Portugal,2001,Total
Portugal,2002,Total
Portugal,2003,Total
Portugal,2004,Total
Portugal,2005,Total
Portugal,2006,Total
Portugal,2007,Total
Portugal,2008,Total
Portugal,2009,Total
Portugal,2010,Total
Portugal,2011,Total
Portugal,2012,Total
Portugal,2013,Total
Portugal,2014,Total
Portugal,2015,Total
Portugal,2016,Total
Portugal,2017,Total
Portugal,2018,Total
Portugal,2019,Total
Portugal,2020,Total
Portugal,2021,Total
Qatar,2000,Total
Qatar,2001,Total
Qatar,2002,Total
Qatar,2003,Total
Qatar,2004,Total
Qatar,2005,Total
Qatar,2006,Total
Qatar,2007,Total
Qatar,2008,Total
Qatar,2009,Total
Qatar,2010,Total
Qatar,2011,Total
Qatar,2012,Total
Qatar,2013,Total
Qatar,2014,Total
Qatar,2015,Total
Qatar,2016,Total
Qatar,2017,Total
Qatar,2018,Total
Qatar,2019,Total
Qatar,2020,Total
Qatar,2021,Total
"Korea, Republic of",2000,Total
South Korea,2000,Total
"Korea, Republic of",2001,Total
South Korea,2001,Total
"Korea, Republic of",2002,Total
South Korea,2002,Total
"Korea, Republic of",2003,Total
South Korea,2003,Total
"Korea, Republic of",2004,Total
South Korea,2004,Total
"Korea, Republic of",2005,Total
South Korea,2005,Total
"Korea, Republic of",2006,Total
South Korea,2006,Total
"Korea, Republic of",2007,Total
South Korea,2007,Total
"Korea, Republic of",2008,Total
South Korea,2008,Total
"Korea, Republic of",2009,Total
South Korea,2009,Total
"Korea, Republic of",2010,Total
South Korea,2010,Total
"Korea, Republic of",2011,Total
South Korea,2011,Total
"Korea, Republic of",2012,Total
South Korea,2012,Total
"Korea, Republic of",2013,Total
South Korea,2013,Total
"Korea, Republic of",2014,Total
South Korea,2014,Total
"Korea, Republic of",2015,Total
South Korea,2015,Total
"Korea, Republic of",2016,Total
South Korea,2016,Total
"Korea, Republic of",2017,Total
South Korea,2017,Total
"Korea, Republic of",2018,Total
South Korea,2018,Total
"Korea, Republic of",2019,Total
South Korea,2019,Total
"Korea, Republic of",2020,Total
South Korea,2020,Total
"Korea, Republic of",2021,Total
South Korea,2021,Total
"Moldova, Republic of",2004,Total
"Moldova, Republic of",2005,Total
"Moldova, Republic of",2006,Total
"Moldova, Republic of",2007,Total
"Moldova, Republic of",2008,Total
"Moldova, Republic of",2009,Total
"Moldova, Republic of",2010,Total
"Moldova, Republic of",2011,Total
"Moldova, Republic of",2012,Total
"Moldova, Republic of",2013,Total
"Moldova, Republic of",2014,Total
"Moldova, Republic of",2015,Total
"Moldova, Republic of",2016,Total
"Moldova, Republic of",2017,Total
"Moldova, Republic of",2018,Total
"Moldova, Republic of",2019,Total
"Moldova, Republic of",2020,Total
"Moldova, Republic of",2021,Total
Romania,2015,Total
Romania,2016,Total
Romania,2017,Total
Romania,2018,Total
Romania,2019,Total
Romania,2020,Total
Romania,2021,Total
Rwanda,2007,Total
Rwanda,2008,Total
Rwanda,2009,Total
Rwanda,2010,Total
Rwanda,2011,Total
Rwanda,2012,Total
Rwanda,2013,Total
Rwanda,2014,Total
Rwanda,2015,Total
Rwanda,2016,Total
Rwanda,2017,Total
Rwanda,2018,Total
Rwanda,2019,Total
Rwanda,2020,Total
Rwanda,2021,Total
Saint Kitts and Nevis,2012,Total
Saint Kitts and Nevis,2013,Total
Saint Kitts and Nevis,2014,Total
Saint Kitts and Nevis,2015,Total
Saint Kitts and Nevis,2016,Total
Saint Kitts and Nevis,2017,Total
Saint Kitts and Nevis,2018,Total
Saint Kitts and Nevis,2019,Total
Saint Kitts and Nevis,2020,Total
Saint Lucia,2010,Total
Saint Lucia,2011,Total
Saint Lucia,2012,Total
Saint Lucia,2013,Total
Saint Lucia,2014,Total
Saint Lucia,2015,Total
Saint Lucia,2016,Total
Saint Lucia,2017,Total
Saint Lucia,2018,Total
Saint Lucia,2019,Total
Saint Lucia,2020,Total
Saint Lucia,2021,Total
Saint Vincent and the Grenadines,2010,Total
Saint Vincent & the Grenadines,2010,Total
St. Vincent and the Grenadines,2010,Total
Saint Vincent and the Grenadines,2011,Total
Saint Vincent & the Grenadines,2011,Total
St. Vincent and the Grenadines,2011,Total
Saint Vincent and the Grenadines,2012,Total
Saint Vincent & the Grenadines,2012,Total
St. Vincent and the Grenadines,2012,Total
Saint Vincent and the Grenadines,2013,Total
Saint Vincent & the Grenadines,2013,Total
St. Vincent and the Grenadines,2013,Total
Saint Vincent and the Grenadines,2014,Total
Saint Vincent & the Grenadines,2014,Total
St. Vincent and the Grenadines,2014,Total
Saint Vincent and the Grenadines,2015,Total
Saint Vincent & the Grenadines,2015,Total
St. Vincent and the Grenadines,2015,Total
Saint Vincent and the Grenadines,2016,Total
Saint Vincent & the Grenadines,2016,Total
St. Vincent and the Grenadines,2016,Total
Saint Vincent and the Grenadines,2017,Total
Saint Vincent & the Grenadines,2017,Total
St. Vincent and the Grenadines,2017,Total
Saint Vincent and the Grenadines,2018,Total
Saint Vincent & the Grenadines,2018,Total
St. Vincent and the Grenadines,2018,Total
Saint Vincent and the Grenadines,2019,Total
Saint Vincent & the Grenadines,2019,Total
St. Vincent and the Grenadines,2019,Total
Saint Vincent and the Grenadines,2020,Total
Saint Vincent & the Grenadines,2020,Total
St. Vincent and the Grenadines,2020,Total
Saint Vincent and the Grenadines,2021,Total
Saint Vincent & the Grenadines,2021,Total
St. Vincent and the Grenadines,2021,Total
Samoa,2000,Total
Samoa,2001,Total
Samoa,2002,Total
Samoa,2003,Total
Samoa,2004,Total
Samoa,2005,Total
Samoa,2006,Total
Samoa,2007,Total
Samoa,2008,Total
Samoa,2009,Total
Samoa,2010,Total
Samoa,2011,Total
Samoa,2012,Total
Samoa,2013,Total
Samoa,2014,Total
Samoa,2015,Total
Samoa,2016,Total
Samoa,2017,Total
Samoa,2018,Total
Samoa,2019,Total
Samoa,2020,Total
Samoa,2021,Total
San Marino,2000,Total
San Marino,2001,Total
San Marino,2002,Total
San Marino,2003,Total
San Marino,2004,Total
San Marino,2005,Total
San Marino,2006,Total
San Marino,2007,Total
San Marino,2008,Total
San Marino,2009,Total
San Marino,2010,Total
San Marino,2011,Total
San Marino,2012,Total
San Marino,2013,Total
San Marino,2014,Total
San Marino,2015,Total
San Marino,2016,Total
San Marino,2017,Total
San Marino,2018,Total
San Marino,2019,Total
San Marino,2020,Total
San Marino,2021,Total
Saudi Arabia,2000,Total
Saudi Arabia,2001,Total
Saudi Arabia,2002,Total
Saudi Arabia,2003,Total
Saudi Arabia,2004,Total
Saudi Arabia,2005,Total
Saudi Arabia,2006,Total
Saudi Arabia,2007,Total
Saudi Arabia,2008,Total
Saudi Arabia,2009,Total
Saudi Arabia,2010,Total
Saudi Arabia,2011,Total
Saudi Arabia,2012,Total
Saudi Arabia,2013,Total
Saudi Arabia,2014,Total
Saudi Arabia,2015,Total
Saudi Arabia,2016,Total
Saudi Arabia,2017,Total
Saudi Arabia,2018,Total
Saudi Arabia,2019,Total
Saudi Arabia,2020,Total
Saudi Arabia,2021,Total
Serbia,2010,Total
Serbia,2011,Total
Serbia,2012,Total
Serbia,2013,Total
Serbia,2014,Total
Serbia,2015,Total
Serbia,2016,Total
Serbia,2017,Total
Serbia,2018,Total
Serbia,2019,Total
Serbia,2020,Total
Serbia,2021,Total
Seychelles,2000,Total
Seychelles,2001,Total
Seychelles,2002,Total
Seychelles,2003,Total
Seychelles,2004,Total
Seychelles,2005,Total
Seychelles,2006,Total
Seychelles,2007,Total
Seychelles,2008,Total
Seychelles,2009,Total
Seychelles,2010,Total
Seychelles,2011,Total
Seychelles,2012,Total
Seychelles,2013,Total
Seychelles,2014,Total
Seychelles,2015,Total
Seychelles,2016,Total
Seychelles,2017,Total
Seychelles,2018,Total
Seychelles,2019,Total
Seychelles,2020,Total
Seychelles,2021,Total
Sierra Leone,2010,Total
Sierra Leone,2011,Total
Sierra Leone,2012,Total
Sierra Leone,2013,Total
Sierra Leone,2014,Total
Sierra Leone,2015,Total
Sierra Leone,2016,Total
Sierra Leone,2017,Total
Sierra Leone,2018,Total
Sierra Leone,2019,Total
Sierra Leone,2020,Total
Sierra Leone,2021,Total
Singapore,2000,Total
Singapore,2001,Total
Singapore,2002,Total
Singapore,2003,Total
Singapore,2004,Total
Singapore,2005,Total
Singapore,2006,Total
Singapore,2007,Total
Singapore,2008,Total
Singapore,2009,Total
Singapore,2010,Total
Singapore,2011,Total
Singapore,2012,Total
Singapore,2013,Total
Singapore,2014,Total
Singapore,2015,Total
Singapore,2016,Total
Singapore,2017,Total
Singapore,2018,Total
Singapore,2019,Total
Singapore,2020,Total
Singapore,2021,Total
Slovakia,2000,Total
Slovakia,2001,Total
Slovakia,2002,Total
Slovakia,2003,Total
Slovakia,2004,Total
Slovakia,2005,Total
Slovakia,2006,Total
Slovakia,2007,Total
Slovakia,2008,Total
Slovakia,2009,Total
Slovakia,2010,Total
Slovakia,2011,Total
Slovakia,2012,Total
Slovakia,2013,Total
Slovakia,2014,Total
Slovakia,2015,Total
Slovakia,2016,Total
Slovakia,2017,Total
Slovakia,2018,Total
Slovakia,2019,Total
Slovakia,2020,Total
Slovakia,2021,Total
Slovenia,2000,Total
Slovenia,2001,Total
Slovenia,2002,Total
Slovenia,2003,Total
Slovenia,2004,Total
Slovenia,2005,Total
Slovenia,2006,Total
Slovenia,2007,Total
Slovenia,2008,Total
Slovenia,2009,Total
Slovenia,2010,Total
Slovenia,2011,Total
Slovenia,2012,Total
Slovenia,2013,Total
Slovenia,2014,Total
Slovenia,2015,Total
Slovenia,2016,Total
Slovenia,2017,Total
Slovenia,2018,Total
Slovenia,2019,Total
Slovenia,2020,Total
Slovenia,2021,Total
Solomon Islands,2010,Total
Solomon Islands,2011,Total
Solomon Islands,2012,Total
Solomon Islands,2013,Total
Solomon Islands,2014,Total
Solomon Islands,2015,Total
Solomon Islands,2016,Total
Solomon Islands,2017,Total
Solomon Islands,2018,Total
Solomon Islands,2019,Total
Solomon Islands,2020,Total
Solomon Islands,2021,Total
South Sudan,2013,Total
South Sudan,2014,Total
South Sudan,2015,Total
South Sudan,2016,Total
South Sudan,2017,Total
South Sudan,2018,Total
South Sudan,2019,Total
South Sudan,2020,Total
South Sudan,2021,Total
Spain,2000,Total
Spain,2001,Total
Spain,2002,Total
Spain,2003,Total
Spain,2004,Total
Spain,2005,Total
Spain,2006,Total
Spain,2007,Total
Spain,2008,Total
Spain,2009,Total
Spain,2010,Total
Spain,2011,Total
Spain,2012,Total
Spain,2013,Total
Spain,2014,Total
Spain,2015,Total
Spain,2016,Total
Spain,2017,Total
Spain,2018,Total
Spain,2019,Total
Spain,2020,Total
Spain,2021,Total
Sri Lanka,2010,Total
Sri Lanka,2011,Total
Sri Lanka,2012,Total
Sri Lanka,2013,Total
Sri Lanka,2014,Total
Sri Lanka,2015,Total
Sri Lanka,2016,Total
Sri Lanka,2017,Total
Sri Lanka,2018,Total
Sri Lanka,2019,Total
Sri Lanka,2020,Total
Sri Lanka,2021,Total
"Palestinian Territory, Occupied",2005,Total
"Palestinian Territory, Occupied",2006,Total
"Palestinian Territory, Occupied",2007,Total
"Palestinian Territory, Occupied",2008,Total
"Palestinian Territory, Occupied",2009,Total
"Palestinian Territory, Occupied",2010,Total
"Palestinian Territory, Occupied",2011,Total
"Palestinian Territory, Occupied",2012,Total
"Palestinian Territory, Occupied",2013,Total
"Palestinian Territory, Occupied",2014,Total
"Palestinian Territory, Occupied",2015,Total
"Palestinian Territory, Occupied",2016,Total
"Palestinian Territory, Occupied",2017,Total
"Palestinian Territory, Occupied",2018,Total
"Palestinian Territory, Occupied",2019,Total
"Palestinian Territory, Occupied",2020,Total
"Palestinian Territory, Occupied",2021,Total
Sudan,2016,Total
Sudan,2017,Total
Sudan,2018,Total
Sudan,2019,Total
Sudan,2020,Total
Sudan,2021,Total
Switzerland,2000,Total
Switzerland,2001,Total
Switzerland,2002,Total
Switzerland,2003,Total
Switzerland,2004,Total
Switzerland,2005,Total
Switzerland,2006,Total
Switzerland,2007,Total
Switzerland,2008,Total
Switzerland,2009,Total
Switzerland,2010,Total
Switzerland,2011,Total
Switzerland,2012,Total
Switzerland,2013,Total
Switzerland,2014,Total
Switzerland,2015,Total
Switzerland,2016,Total
Switzerland,2017,Total
Switzerland,2018,Total
Switzerland,2019,Total
Switzerland,2020,Total
Switzerland,2021,Total
Syrian Arab Republic,2014,Total
Syrian Arab Republic,2015,Total
Syrian Arab Republic,2016,Total
Syrian Arab Republic,2017,Total
Syrian Arab Republic,2018,Total
Syrian Arab Republic,2019,Total
Syrian Arab Republic,2020,Total
Syrian Arab Republic,2021,Total
Tajikistan,2013,Total
Tajikistan,2014,Total
Tajikistan,2015,Total
Tajikistan,2016,Total
Tajikistan,2017,Total
Tajikistan,2018,Total
Tajikistan,2019,Total
Tajikistan,2020,Total
Tajikistan,2021,Total
Thailand,2000,Total
Thailand,2001,Total
Thailand,2002,Total
Thailand,2003,Total
Thailand,2004,Total
Thailand,2005,Total
Thailand,2006,Total
Thailand,2007,Total
Thailand,2008,Total
Thailand,2009,Total
Thailand,2010,Total
Thailand,2011,Total
Thailand,2012,Total
Thailand,2013,Total
Thailand,2014,Total
Thailand,2015,Total
Thailand,2016,Total
Thailand,2017,Total
Thailand,2018,Total
Thailand,2019,Total
Thailand,2020,Total
Thailand,2021,Total
Timor-Leste,2006,Total
Timor-Leste,2007,Total
Timor-Leste,2008,Total
Timor-Leste,2009,Total
Timor-Leste,2010,Total
Timor-Leste,2011,Total
Timor-Leste,2012,Total
Timor-Leste,2013,Total
Timor-Leste,2014,Total
Timor-Leste,2015,Total
Timor-Leste,2016,Total
Timor-Leste,2017,Total
Timor-Leste,2018,Total
Timor-Leste,2019,Total
Timor-Leste,2020,Total
Timor-Leste,2021,Total
Togo,2011,Total
Togo,2012,Total
Togo,2013,Total
Togo,2014,Total
Togo,2015,Total
Togo,2016,Total
Togo,2017,Total
Togo,2018,Total
Togo,2019,Total
Togo,2020,Total
Togo,2021,Total
Tokelau,2000,Total
Tokelau,2001,Total
Tokelau,2002,Total
Tokelau,2003,Total
Tokelau,2004,Total
Tokelau,2005,Total
Tokelau,2006,Total
Tokelau,2007,Total
Tokelau,2008,Total
Tokelau,2009,Total
Tokelau,2010,Total
Tokelau,2011,Total
Tokelau,2012,Total
Tokelau,2013,Total
Tokelau,2014,Total
Tokelau,2015,Total
Tokelau,2016,Total
Tokelau,2017,Total
Tokelau,2018,Total
Tokelau,2019,Total
Tokelau,2020,Total
Tokelau,2021,Total
Tonga,2016,Total
Tonga,2017,Total
Tonga,2018,Total
Tonga,2019,Total
Tonga,2020,Total
Tonga,2021,Total
Tunisia,2012,Total
Tunisia,2013,Total
Tunisia,2014,Total
Tunisia,2015,Total
Tunisia,2016,Total
Tunisia,2017,Total
Tunisia,2018,Total
Tunisia,2019,Total
Tunisia,2020,Total
Turkmenistan,2000,Total
Turkmenistan,2001,Total
Turkmenistan,2002,Total
Turkmenistan,2003,Total
Turkmenistan,2004,Total
Turkmenistan,2005,Total
Turkmenistan,2006,Total
Turkmenistan,2007,Total
Turkmenistan,2008,Total
Turkmenistan,2009,Total
Turkmenistan,2010,Total
Turkmenistan,2011,Total
Turkmenistan,2012,Total
Turkmenistan,2013,Total
Turkmenistan,2014,Total
Turkmenistan,2015,Total
Turkmenistan,2016,Total
Turkmenistan,2017,Total
Turkmenistan,2018,Total
Turkmenistan,2019,Total
Turkmenistan,2020,Total
Turkmenistan,2021,Total
Turks and Caicos Islands,2000,Total
Turks and Caicos Islands,2001,Total
Turks and Caicos Islands,2002,Total
Turks and Caicos Islands,2003,Total
Turks and Caicos Islands,2004,Total
Turks and Caicos Islands,2005,Total
Turks and Caicos Islands,2006,Total
Turks and Caicos Islands,2007,Total
Turks and Caicos Islands,2008,Total
Turks and Caicos Islands,2009,Total
Turks and Caicos Islands,2010,Total
Turks and Caicos Islands,2011,Total
Turks and Caicos Islands,2012,Total
Turks and Caicos Islands,2013,Total
Turks and Caicos Islands,2014,Total
Turks and Caicos Islands,2015,Total
Turks and Caicos Islands,2016,Total
Turks and Caicos Islands,2017,Total
Turks and Caicos Islands,2018,Total
Turks and Caicos Islands,2019,Total
Turks and Caicos Islands,2020,Total
Turks and Caicos Islands,2021,Total
Tuvalu,2013,Total
Tuvalu,2014,Total
Tuvalu,2015,Total
Tuvalu,2016,Total
Tuvalu,2017,Total
Tuvalu,2018,Total
Tuvalu,2019,Total
Tuvalu,2020,Total
Tuvalu,2021,Total
Uganda,2004,Total
Uganda,2005,Total
Uganda,2006,Total
Uganda,2007,Total
Uganda,2008,Total
Uganda,2009,Total
Uganda,2010,Total
Uganda,2011,Total
Uganda,2012,Total
Uganda,2013,Total
Uganda,2014,Total
Uganda,2015,Total
Uganda,2016,Total
Uganda,2017,Total
Uganda,2018,Total
Uganda,2019,Total
Uganda,2020,Total
Uganda,2021,Total
United Arab Emirates,2000,Total
United Arab Emirates,2001,Total
United Arab Emirates,2002,Total
United Arab Emirates,2003,Total
United Arab Emirates,2004,Total
United Arab Emirates,2005,Total
United Arab Emirates,2006,Total
United Arab Emirates,2007,Total
United Arab Emirates,2008,Total
United Arab Emirates,2009,Total
United Arab Emirates,2010,Total
United Arab Emirates,2011,Total
United Arab Emirates,2012,Total
United Arab Emirates,2013,Total
United Arab Emirates,2014,Total
United Arab Emirates,2015,Total
United Arab Emirates,2016,Total
United Arab Emirates,2017,Total
United Arab Emirates,2018,Total
United Arab Emirates,2019,Total
United Arab Emirates,2020,Total
United Arab Emirates,2021,Total
"Tanzania, United Republic of",2014,Total
"Tanzania, United Republic of",2015,Total
"Tanzania, United Republic of",2016,Total
"Tanzania, United Republic of",2017,Total
"Tanzania, United Republic of",2018,Total
"Tanzania, United Republic of",2019,Total
"Tanzania, United Republic of",2020,Total
"Tanzania, United Republic of",2021,Total
United States,2000,Total
United States,2001,Total
United States,2002,Total
United States,2003,Total
United States,2004,Total
United States,2005,Total
United States,2006,Total
United States,2007,Total
United States,2008,Total
United States,2009,Total
United States,2010,Total
United States,2011,Total
United States,2012,Total
United States,2013,Total
United States,2014,Total
United States,2015,Total
United States,2016,Total
United States,2017,Total
United States,2018,Total
United States,2019,Total
United States,2020,Total
United States,2021,Total
Uruguay,2000,Total
Uruguay,2001,Total
Uruguay,2002,Total
Uruguay,2003,Total
Uruguay,2004,Total
Uruguay,2005,Total
Uruguay,2006,Total
Uruguay,2007,Total
Uruguay,2008,Total
Uruguay,2009,Total
Uruguay,2010,Total
Uruguay,2011,Total
Uruguay,2012,Total
Uruguay,2013,Total
Uruguay,2014,Total
Uruguay,2015,Total
Uruguay,2016,Total
Uruguay,2017,Total
Uruguay,2018,Total
Uruguay,2019,Total
Uruguay,2020,Total
Uruguay,2021,Total
Uzbekistan,2012,Total
Uzbekistan,2013,Total
Uzbekistan,2014,Total
Uzbekistan,2015,Total
Uzbekistan,2016,Total
Uzbekistan,2017,Total
Uzbekistan,2018,Total
Uzbekistan,2019,Total
Uzbekistan,2020,Total
Uzbekistan,2021,Total
"Venezuela, Bolivarian Republic of",2012,Total
Venezuela,2012,Total
"Venezuela, Bolivarian Republic of",2013,Total
Venezuela,2013,Total
"Venezuela, Bolivarian Republic of",2014,Total
Venezuela,2014,Total
"Venezuela, Bolivarian Republic of",2015,Total
Venezuela,2015,Total
"Venezuela, Bolivarian Republic of",2016,Total
Venezuela,2016,Total
"Venezuela, Bolivarian Republic of",2017,Total
Venezuela,2017,Total
"Venezuela, Bolivarian Republic of",2018,Total
Venezuela,2018,Total
"Venezuela, Bolivarian Republic of",2019,Total
Venezuela,2019,Total
"Venezuela, Bolivarian Republic of",2020,Total
Venezuela,2020,Total
Viet Nam,2015,Total
Vietnam,2015,Total
Viet Nam,2016,Total
Vietnam,2016,Total
Viet Nam,2017,Total
Vietnam,2017,Total
Viet Nam,2018,Total
Vietnam,2018,Total
Viet Nam,2019,Total
Vietnam,2019,Total
Viet Nam,2020,Total
Vietnam,2020,Total
Viet Nam,2021,Total
Vietnam,2021,Total
Yemen,2009,Total
Yemen,2010,Total
Yemen,2011,Total
Yemen,2012,Total
Yemen,2013,Total
Yemen,2014,Total
Yemen,2015,Total
Yemen,2016,Total
Yemen,2017,Total
Zambia,2010,Total
Zambia,2011,Total
Zambia,2012,Total
Zambia,2013,Total
Zambia,2014,Total
Zambia,2015,Total
Zambia,2016,Total
Zambia,2017,Total
Zambia,2018,Total
Zambia,2019,Total
Zambia,2020,Total
Zambia,2021,Total
Zimbabwe,2007,Total
Zimbabwe,2008,Total
Zimbabwe,2009,Total
Zimbabwe,2010,Total
Zimbabwe,2011,Total
Zimbabwe,2012,Total
Zimbabwe,2013,Total
Zimbabwe,2014,Total
Zimbabwe,2015,Total
Zimbabwe,2016,Total
Zimbabwe,2017,Total
Zimbabwe,2018,Total
Zimbabwe,2019,Total
Zimbabwe,2020,Total
Zimbabwe,2021,Total
