country,indicator,time_period,obs_value
Afghanistan,"Refugees by host country, per 1 USD GNI per capita",2022,104
Albania,"Refugees by host country, per 1 USD GNI per capita",2022,0
Algeria,"Refugees by host country, per 1 USD GNI per capita",2022,27
Angola,"Refugees by host country, per 1 USD GNI per capita",2022,14
Antigua and Barbuda,"Refugees by host country, per 1 USD GNI per capita",2022,0
Argentina,"Refugees by host country, per 1 USD GNI per capita",2022,0
Armenia,"Refugees by host country, per 1 USD GNI per capita",2022,8
Aruba,"Refugees by host country, per 1 USD GNI per capita",2022,0
Australia,"Refugees by host country, per 1 USD GNI per capita",2022,1
Austria,"Refugees by host country, per 1 USD GNI per capita",2022,5
Azerbaijan,"Refugees by host country, per 1 USD GNI per capita",2022,1
Bahamas,"Refugees by host country, per 1 USD GNI per capita",2022,0
Bahrain,"Refugees by host country, per 1 USD GNI per capita",2022,0
Bangladesh,"Refugees by host country, per 1 USD GNI per capita",2022,364
Belarus,"Refugees by host country, per 1 USD GNI per capita",2022,3
Belgium,"Refugees by host country, per 1 USD GNI per capita",2022,3
Belize,"Refugees by host country, per 1 USD GNI per capita",2022,0
Benin,"Refugees by host country, per 1 USD GNI per capita",2022,1
"Bolivia, Plurinational State of","Refugees by host country, per 1 USD GNI per capita",2022,0
Bolivia,"Refugees by host country, per 1 USD GNI per capita",2022,0
Bosnia and Herzegovina,"Refugees by host country, per 1 USD GNI per capita",2022,0
Botswana,"Refugees by host country, per 1 USD GNI per capita",2022,0
Brazil,"Refugees by host country, per 1 USD GNI per capita",2022,9
Brunei Darussalam,"Refugees by host country, per 1 USD GNI per capita",2022,0
Brunei,"Refugees by host country, per 1 USD GNI per capita",2022,0
Bulgaria,"Refugees by host country, per 1 USD GNI per capita",2022,16
Burkina Faso,"Refugees by host country, per 1 USD GNI per capita",2022,40
Burundi,"Refugees by host country, per 1 USD GNI per capita",2022,353
Cape Verde,"Refugees by host country, per 1 USD GNI per capita",2022,0
Cambodia,"Refugees by host country, per 1 USD GNI per capita",2022,0
Cameroon,"Refugees by host country, per 1 USD GNI per capita",2022,298
Canada,"Refugees by host country, per 1 USD GNI per capita",2022,3
Cayman Islands,"Refugees by host country, per 1 USD GNI per capita",2022,0
Central African Republic,"Refugees by host country, per 1 USD GNI per capita",2022,21
Chad,"Refugees by host country, per 1 USD GNI per capita",2022,912
Chile,"Refugees by host country, per 1 USD GNI per capita",2022,0
China,"Refugees by host country, per 1 USD GNI per capita",2022,0
Hong Kong,"Refugees by host country, per 1 USD GNI per capita",2022,0
Colombia,"Refugees by host country, per 1 USD GNI per capita",2022,0
Comoros,"Refugees by host country, per 1 USD GNI per capita",2022,0
Congo,"Refugees by host country, per 1 USD GNI per capita",2022,25
Costa Rica,"Refugees by host country, per 1 USD GNI per capita",2022,1
Croatia,"Refugees by host country, per 1 USD GNI per capita",2022,1
Cuba,"Refugees by host country, per 1 USD GNI per capita",2022,0
Cyprus,"Refugees by host country, per 1 USD GNI per capita",2022,1
Czech Republic,"Refugees by host country, per 1 USD GNI per capita",2022,18
Côte d'Ivoire,"Refugees by host country, per 1 USD GNI per capita",2022,2
Ivory Coast,"Refugees by host country, per 1 USD GNI per capita",2022,2
"Congo, the Democratic Republic of the","Refugees by host country, per 1 USD GNI per capita",2022,897
Denmark,"Refugees by host country, per 1 USD GNI per capita",2022,1
Djibouti,"Refugees by host country, per 1 USD GNI per capita",2022,6
Dominican Republic,"Refugees by host country, per 1 USD GNI per capita",2022,0
Ecuador,"Refugees by host country, per 1 USD GNI per capita",2022,10
Egypt,"Refugees by host country, per 1 USD GNI per capita",2022,84
El Salvador,"Refugees by host country, per 1 USD GNI per capita",2022,0
Eritrea,"Refugees by host country, per 1 USD GNI per capita",2022,0
Estonia,"Refugees by host country, per 1 USD GNI per capita",2022,2
Swaziland,"Refugees by host country, per 1 USD GNI per capita",2022,0
Ethiopia,"Refugees by host country, per 1 USD GNI per capita",2022,916
Fiji,"Refugees by host country, per 1 USD GNI per capita",2022,0
Finland,"Refugees by host country, per 1 USD GNI per capita",2022,1
France,"Refugees by host country, per 1 USD GNI per capita",2022,14
Gabon,"Refugees by host country, per 1 USD GNI per capita",2022,0
Gambia,"Refugees by host country, per 1 USD GNI per capita",2022,5
Georgia,"Refugees by host country, per 1 USD GNI per capita",2022,6
Germany,"Refugees by host country, per 1 USD GNI per capita",2022,41
Ghana,"Refugees by host country, per 1 USD GNI per capita",2022,4
Greece,"Refugees by host country, per 1 USD GNI per capita",2022,8
Grenada,"Refugees by host country, per 1 USD GNI per capita",2022,0
Guatemala,"Refugees by host country, per 1 USD GNI per capita",2022,0
Guinea,"Refugees by host country, per 1 USD GNI per capita",2022,2
Guinea-Bissau,"Refugees by host country, per 1 USD GNI per capita",2022,0
Guyana,"Refugees by host country, per 1 USD GNI per capita",2022,0
Honduras,"Refugees by host country, per 1 USD GNI per capita",2022,0
Hungary,"Refugees by host country, per 1 USD GNI per capita",2022,2
Iceland,"Refugees by host country, per 1 USD GNI per capita",2022,0
India,"Refugees by host country, per 1 USD GNI per capita",2022,112
Indonesia,"Refugees by host country, per 1 USD GNI per capita",2022,2
"Iran, Islamic Republic of","Refugees by host country, per 1 USD GNI per capita",2022,1016
Iraq,"Refugees by host country, per 1 USD GNI per capita",2022,54
Ireland,"Refugees by host country, per 1 USD GNI per capita",2022,1
Israel,"Refugees by host country, per 1 USD GNI per capita",2022,0
Italy,"Refugees by host country, per 1 USD GNI per capita",2022,8
Jamaica,"Refugees by host country, per 1 USD GNI per capita",2022,0
Japan,"Refugees by host country, per 1 USD GNI per capita",2022,0
Jordan,"Refugees by host country, per 1 USD GNI per capita",2022,156
Kazakhstan,"Refugees by host country, per 1 USD GNI per capita",2022,0
Kenya,"Refugees by host country, per 1 USD GNI per capita",2022,251
Kuwait,"Refugees by host country, per 1 USD GNI per capita",2022,0
Kyrgyzstan,"Refugees by host country, per 1 USD GNI per capita",2022,0
Latvia,"Refugees by host country, per 1 USD GNI per capita",2022,2
Lebanon,"Refugees by host country, per 1 USD GNI per capita",2022,237
Lesotho,"Refugees by host country, per 1 USD GNI per capita",2022,0
Liberia,"Refugees by host country, per 1 USD GNI per capita",2022,1
Libyan Arab Jamahiriya,"Refugees by host country, per 1 USD GNI per capita",2022,0
Libya,"Refugees by host country, per 1 USD GNI per capita",2022,0
Liechtenstein,"Refugees by host country, per 1 USD GNI per capita",2022,0
Lithuania,"Refugees by host country, per 1 USD GNI per capita",2022,3
Luxembourg,"Refugees by host country, per 1 USD GNI per capita",2022,0
Madagascar,"Refugees by host country, per 1 USD GNI per capita",2022,0
Malawi,"Refugees by host country, per 1 USD GNI per capita",2022,56
Malaysia,"Refugees by host country, per 1 USD GNI per capita",2022,12
Mali,"Refugees by host country, per 1 USD GNI per capita",2022,70
Malta,"Refugees by host country, per 1 USD GNI per capita",2022,0
Mauritania,"Refugees by host country, per 1 USD GNI per capita",2022,58
Mexico,"Refugees by host country, per 1 USD GNI per capita",2022,10
Mongolia,"Refugees by host country, per 1 USD GNI per capita",2022,0
Montenegro,"Refugees by host country, per 1 USD GNI per capita",2022,3
Morocco,"Refugees by host country, per 1 USD GNI per capita",2022,2
Mozambique,"Refugees by host country, per 1 USD GNI per capita",2022,10
Myanmar,"Refugees by host country, per 1 USD GNI per capita",2022,0
Burma,"Refugees by host country, per 1 USD GNI per capita",2022,0
Namibia,"Refugees by host country, per 1 USD GNI per capita",2022,1
Nauru,"Refugees by host country, per 1 USD GNI per capita",2022,0
Nepal,"Refugees by host country, per 1 USD GNI per capita",2022,16
Netherlands,"Refugees by host country, per 1 USD GNI per capita",2022,4
New Zealand,"Refugees by host country, per 1 USD GNI per capita",2022,0
Nicaragua,"Refugees by host country, per 1 USD GNI per capita",2022,0
Niger,"Refugees by host country, per 1 USD GNI per capita",2022,433
Nigeria,"Refugees by host country, per 1 USD GNI per capita",2022,43
"Macedonia, the former Yugoslav Republic of","Refugees by host country, per 1 USD GNI per capita",2022,0
Norway,"Refugees by host country, per 1 USD GNI per capita",2022,1
Oman,"Refugees by host country, per 1 USD GNI per capita",2022,0
Pakistan,"Refugees by host country, per 1 USD GNI per capita",2022,1163
Panama,"Refugees by host country, per 1 USD GNI per capita",2022,0
Papua New Guinea,"Refugees by host country, per 1 USD GNI per capita",2022,4
Paraguay,"Refugees by host country, per 1 USD GNI per capita",2022,1
Peru,"Refugees by host country, per 1 USD GNI per capita",2022,1
Philippines,"Refugees by host country, per 1 USD GNI per capita",2022,0
Poland,"Refugees by host country, per 1 USD GNI per capita",2022,58
Portugal,"Refugees by host country, per 1 USD GNI per capita",2022,3
Qatar,"Refugees by host country, per 1 USD GNI per capita",2022,0
"Korea, Republic of","Refugees by host country, per 1 USD GNI per capita",2022,0
South Korea,"Refugees by host country, per 1 USD GNI per capita",2022,0
"Moldova, Republic of","Refugees by host country, per 1 USD GNI per capita",2022,19
Romania,"Refugees by host country, per 1 USD GNI per capita",2022,7
Russian Federation,"Refugees by host country, per 1 USD GNI per capita",2022,110
Russia,"Refugees by host country, per 1 USD GNI per capita",2022,110
Rwanda,"Refugees by host country, per 1 USD GNI per capita",2022,142
Saint Kitts and Nevis,"Refugees by host country, per 1 USD GNI per capita",2022,0
Saint Vincent and the Grenadines,"Refugees by host country, per 1 USD GNI per capita",2022,0
Saint Vincent & the Grenadines,"Refugees by host country, per 1 USD GNI per capita",2022,0
St. Vincent and the Grenadines,"Refugees by host country, per 1 USD GNI per capita",2022,0
Saudi Arabia,"Refugees by host country, per 1 USD GNI per capita",2022,0
Senegal,"Refugees by host country, per 1 USD GNI per capita",2022,8
Serbia,"Refugees by host country, per 1 USD GNI per capita",2022,3
Sierra Leone,"Refugees by host country, per 1 USD GNI per capita",2022,0
Singapore,"Refugees by host country, per 1 USD GNI per capita",2022,0
Slovakia,"Refugees by host country, per 1 USD GNI per capita",2022,5
Slovenia,"Refugees by host country, per 1 USD GNI per capita",2022,0
Solomon Islands,"Refugees by host country, per 1 USD GNI per capita",2022,0
Somalia,"Refugees by host country, per 1 USD GNI per capita",2022,36
South Africa,"Refugees by host country, per 1 USD GNI per capita",2022,10
South Sudan,"Refugees by host country, per 1 USD GNI per capita",2022,283
Spain,"Refugees by host country, per 1 USD GNI per capita",2022,11
Sri Lanka,"Refugees by host country, per 1 USD GNI per capita",2022,0
Sudan,"Refugees by host country, per 1 USD GNI per capita",2022,1638
Suriname,"Refugees by host country, per 1 USD GNI per capita",2022,0
Sweden,"Refugees by host country, per 1 USD GNI per capita",2022,5
Switzerland,"Refugees by host country, per 1 USD GNI per capita",2022,2
Syrian Arab Republic,"Refugees by host country, per 1 USD GNI per capita",2022,14
Tajikistan,"Refugees by host country, per 1 USD GNI per capita",2022,7
Thailand,"Refugees by host country, per 1 USD GNI per capita",2022,13
Togo,"Refugees by host country, per 1 USD GNI per capita",2022,9
Trinidad and Tobago,"Refugees by host country, per 1 USD GNI per capita",2022,0
Tunisia,"Refugees by host country, per 1 USD GNI per capita",2022,1
Turkmenistan,"Refugees by host country, per 1 USD GNI per capita",2022,0
Turks and Caicos Islands,"Refugees by host country, per 1 USD GNI per capita",2022,0
Turkey,"Refugees by host country, per 1 USD GNI per capita",2022,363
Uganda,"Refugees by host country, per 1 USD GNI per capita",2022,1742
Ukraine,"Refugees by host country, per 1 USD GNI per capita",2022,1
United Arab Emirates,"Refugees by host country, per 1 USD GNI per capita",2022,0
United Kingdom,"Refugees by host country, per 1 USD GNI per capita",2022,7
"Tanzania, United Republic of","Refugees by host country, per 1 USD GNI per capita",2022,181
United States,"Refugees by host country, per 1 USD GNI per capita",2022,5
Uruguay,"Refugees by host country, per 1 USD GNI per capita",2022,0
Uzbekistan,"Refugees by host country, per 1 USD GNI per capita",2022,7
"Venezuela, Bolivarian Republic of","Refugees by host country, per 1 USD GNI per capita",2022,2
Venezuela,"Refugees by host country, per 1 USD GNI per capita",2022,2
Viet Nam,"Refugees by host country, per 1 USD GNI per capita",2022,0
Vietnam,"Refugees by host country, per 1 USD GNI per capita",2022,0
Yemen,"Refugees by host country, per 1 USD GNI per capita",2022,116
Zambia,"Refugees by host country, per 1 USD GNI per capita",2022,59
Zimbabwe,"Refugees by host country, per 1 USD GNI per capita",2022,7
